model,config,run_id,run_name,metric,n,mean,std,min,max,last
Student S,S1,ynh2rrwe,bevfusion_student_xxs_kd_feature,loss,1848,1.520000351262944,0.09913565948405581,1.3620149207115173,2.4324710392951965,1.4570834636688232
Student S,S1,ynh2rrwe,bevfusion_student_xxs_kd_feature,grad_norm,1811,2.67400730600415,0.42735953794238707,2.001896343231201,4.398462233543396,2.944191529750824
Student S,S1,ynh2rrwe,bevfusion_student_xxs_kd_feature,loss_heatmap,1848,0.5053657036324665,0.0417386788530295,0.43436801731586455,0.8449111700057983,0.47360342383384707
Student S,S1,ynh2rrwe,bevfusion_student_xxs_kd_feature,layer_-1_loss_cls,1848,0.08271270760984133,0.0077316639305240725,0.07033652760088444,0.1665322497487068,0.07585577949881554
Student S,S1,ynh2rrwe,bevfusion_student_xxs_kd_feature,layer_-1_loss_bbox,1848,0.5251219039610325,0.046414074481095025,0.4394309490919113,0.9694852888584137,0.505233581662178
Student S,S1,ynh2rrwe,bevfusion_student_xxs_kd_feature,loss_kd_feature_camera,1848,0.2937757956965532,0.00645939904878359,0.28781200826168063,0.3388582545518875,0.2892469871044159
Student S,S1,ynh2rrwe,bevfusion_student_xxs_kd_feature,loss_kd_feature_lidar,1848,0.1130242403141864,0.0003424092889659883,0.11202198892831802,0.11426577046513557,0.11314368203282356
Student S,S2,bpbdh38x,bevfusion_student_xxs_kd_feature_bev,loss,1848,1.6988172957507564,0.10431502295597955,1.528482074737549,2.678827395439148,1.6351879930496216
Student S,S2,bpbdh38x,bevfusion_student_xxs_kd_feature_bev,grad_norm,1813,3.322862642367637,0.8913647607242781,2.0599653100967408,8.562683606147766,5.215084528923034
Student S,S2,bpbdh38x,bevfusion_student_xxs_kd_feature_bev,loss_heatmap,1848,0.5058200042607722,0.04138612947452335,0.43546679735183713,0.8586998927593231,0.47618779599666594
Student S,S2,bpbdh38x,bevfusion_student_xxs_kd_feature_bev,layer_-1_loss_cls,1848,0.0829895920666475,0.0077994508107218545,0.07079680383205414,0.17637440368533133,0.07681370466947555
Student S,S2,bpbdh38x,bevfusion_student_xxs_kd_feature_bev,layer_-1_loss_bbox,1848,0.5243917361324354,0.04445635232411043,0.4298369085788727,0.9677610063552856,0.5069324040412903
Student S,S2,bpbdh38x,bevfusion_student_xxs_kd_feature_bev,loss_kd_feature_camera,1848,0.25549734011195696,0.012733971495643155,0.24564593702554702,0.3392274457216263,0.24726898163557054
Student S,S2,bpbdh38x,bevfusion_student_xxs_kd_feature_bev,loss_kd_feature_lidar,1848,0.11484070429691312,0.00036827469782608644,0.11390914276242256,0.11619262233376502,0.11440961465239524
Student S,S2,bpbdh38x,bevfusion_student_xxs_kd_feature_bev,loss_kd_feature_bev,1848,0.21527791896875284,0.0018917495275325225,0.21314287990331648,0.22105711370706557,0.21357549071311951
Student S,S2,bpbdh38x,bevfusion_student_xxs_kd_feature_bev,loss_kd_feature_bev,1848,0.21527791896875284,0.0018917495275325225,0.21314287990331648,0.22105711370706557,0.21357549071311951
Student S,S3,lv3ftiq8,bevfusion_student_xxs_kd_feature_bev_head,loss,1848,3.717392994093173,0.1789245196446507,3.451060357093811,6.5449715518951415,3.54361111164093
Student S,S3,lv3ftiq8,bevfusion_student_xxs_kd_feature_bev_head,grad_norm,1813,4.075241689599159,0.8682838190714667,2.7835169625282288,11.345610914230347,5.173589947223664
Student S,S3,lv3ftiq8,bevfusion_student_xxs_kd_feature_bev_head,loss_heatmap,1848,0.5239294424228919,0.04047833088049017,0.4522601348161697,0.8899023103713989,0.48569299578666686
Student S,S3,lv3ftiq8,bevfusion_student_xxs_kd_feature_bev_head,layer_-1_loss_cls,1848,0.0886613749130125,0.007803905866439633,0.07572820261120797,0.1778772448003292,0.08172815576195717
Student S,S3,lv3ftiq8,bevfusion_student_xxs_kd_feature_bev_head,layer_-1_loss_bbox,1848,0.5657053370010995,0.05190183222012258,0.4627692019939423,1.105087674856186,0.5122972214221955
Student S,S3,lv3ftiq8,bevfusion_student_xxs_kd_feature_bev_head,loss_kd_feature_camera,1848,0.266112851799502,0.013859090017915581,0.2544024330377579,0.33742108166217805,0.2555375471711159
Student S,S3,lv3ftiq8,bevfusion_student_xxs_kd_feature_bev_head,loss_kd_feature_lidar,1848,0.11004909820201529,0.0003103759381254478,0.10901984304189682,0.11107557535171508,0.11012219235301018
Student S,S3,lv3ftiq8,bevfusion_student_xxs_kd_feature_bev_head,loss_kd_feature_bev,1848,0.21653148477663212,0.001855641550816454,0.21419723480939865,0.22188456058502198,0.21494250476360321
Student S,S3,lv3ftiq8,bevfusion_student_xxs_kd_feature_bev_head,loss_kd_feature_bev,1848,0.21653148477663212,0.001855641550816454,0.21419723480939865,0.22188456058502198,0.21494250476360321
Student S,S3,lv3ftiq8,bevfusion_student_xxs_kd_feature_bev_head,loss_kd_rel,1848,1.6410231936623008,0.04886736086714917,1.547153525352478,2.5814317893981933,1.6110659837722778
Student S,S3,lv3ftiq8,bevfusion_student_xxs_kd_feature_bev_head,loss_kd_logit,1848,0.3053802112125473,0.03706868692802994,0.25368145167827605,1.120677671432495,0.27222449213266375
Student S,S4,5zkf0n7i,bevfusion_student_xxs_kd_feature_bev_head_dwa_V2,loss,1848,6.2913401550596415,0.26560849645915713,5.929519691467285,10.847321395874024,6.103126173019409
Student S,S4,5zkf0n7i,bevfusion_student_xxs_kd_feature_bev_head_dwa_V2,grad_norm,1813,5.307431844289435,1.0996928675767377,3.6371922874450684,15.662295169830323,6.330168399810791
Student S,S4,5zkf0n7i,bevfusion_student_xxs_kd_feature_bev_head_dwa_V2,loss_heatmap,1848,0.5422306435371375,0.04045504974259177,0.47408357918262484,0.8895109856128692,0.5376128906011581
Student S,S4,5zkf0n7i,bevfusion_student_xxs_kd_feature_bev_head_dwa_V2,layer_-1_loss_cls,1848,0.09500848165906772,0.007503259693348212,0.08259824141860009,0.18544183433055877,0.09036439821124077
Student S,S4,5zkf0n7i,bevfusion_student_xxs_kd_feature_bev_head_dwa_V2,layer_-1_loss_bbox,1848,0.5929514504959444,0.051378870644124136,0.4897256183624268,1.0518563091754913,0.5919846057891845
Student S,S4,5zkf0n7i,bevfusion_student_xxs_kd_feature_bev_head_dwa_V2,loss_kd_feature_camera,1848,0.257703198288523,0.011314016793611143,0.24927722662687302,0.33933160722255706,0.24982769399881363
Student S,S4,5zkf0n7i,bevfusion_student_xxs_kd_feature_bev_head_dwa_V2,loss_kd_feature_lidar,1848,0.12519870312295822,0.00032162834255114036,0.12414899498224258,0.12626170575618745,0.12501345023512841
Student S,S4,5zkf0n7i,bevfusion_student_xxs_kd_feature_bev_head_dwa_V2,loss_kd_feature_bev,1848,0.21933661253147183,0.001103610281623076,0.21773890644311905,0.22328234553337098,0.2185158747434616
Student S,S4,5zkf0n7i,bevfusion_student_xxs_kd_feature_bev_head_dwa_V2,loss_kd_feature_bev,1848,0.21933661253147183,0.001103610281623076,0.21773890644311905,0.22328234553337098,0.2185158747434616
Student S,S4,5zkf0n7i,bevfusion_student_xxs_kd_feature_bev_head_dwa_V2,loss_kd_rel,1848,1.6317288021569127,0.048726057868675746,1.5490551280975342,2.5622206211090086,1.5896884322166442
Student S,S4,5zkf0n7i,bevfusion_student_xxs_kd_feature_bev_head_dwa_V2,loss_kd_logit,1848,0.2905302558018467,0.03774173960765819,0.24402322620153427,1.1083895874023437,0.25512575268745424
Student S,S4,5zkf0n7i,bevfusion_student_xxs_kd_feature_bev_head_dwa_V2,weight_lidar,1848,0.9937656358916522,0.047210410314346904,0.7760003805160522,1.1013432741165161,0.9965246319770813
Student S,S4,5zkf0n7i,bevfusion_student_xxs_kd_feature_bev_head_dwa_V2,weight_camera,1848,0.993548017043572,0.04331084818141375,0.7822937965393066,1.0861915349960327,0.9900068640708923
Student S,S4,5zkf0n7i,bevfusion_student_xxs_kd_feature_bev_head_dwa_V2,weight_bev,1848,0.993710732918023,0.04595810315549712,0.7802558541297913,1.1038298606872559,0.9865075945854187
Student S,S4,5zkf0n7i,bevfusion_student_xxs_kd_feature_bev_head_dwa_V2,weight_relation,1848,0.9999605867511783,0.04964219678887203,0.8612529039382935,1.2272579669952393,0.9814581274986267
Student S,S4,5zkf0n7i,bevfusion_student_xxs_kd_feature_bev_head_dwa_V2,weight_logit,1848,1.0190150224285208,0.1238951886444576,0.760049045085907,1.7544891834259033,1.0455023050308228
Student S,S4,5zkf0n7i,bevfusion_student_xxs_kd_feature_bev_head_dwa_V2,weighted_loss_kd_feature_camera,1848,0.2556685610913805,0.011285774831936551,0.24663761496543884,0.33913963377475737,0.24815325021743775
Student S,S4,5zkf0n7i,bevfusion_student_xxs_kd_feature_bev_head_dwa_V2,weighted_loss_kd_feature_lidar,1848,0.12427385474535035,0.00040570201810918144,0.12302666202187539,0.12543387040495874,0.12428158238530158
Student S,S4,5zkf0n7i,bevfusion_student_xxs_kd_feature_bev_head_dwa_V2,weighted_loss_kd_bev,1848,0.21765372669122693,0.0011981760591057542,0.2152530348300934,0.22263936638832094,0.2171446654200554
Student S,S4,5zkf0n7i,bevfusion_student_xxs_kd_feature_bev_head_dwa_V2,weighted_loss_kd_rel,1848,1.6359197441717506,0.04943577779035757,1.5462030935287476,2.5649961185455323,1.5908851647377014
Student S,S4,5zkf0n7i,bevfusion_student_xxs_kd_feature_bev_head_dwa_V2,weighted_loss_kd_logit,1848,0.3031361215437452,0.038738731625018966,0.25339423343539236,1.1104188323020936,0.2645285016298294
Student XS,S1,2f6bs75l,student_v2_kd_xxs_feature_lidar_cam,loss,1848,2.6787341832417946,0.17247458276823557,2.374610729217529,4.818556203842163,2.486876721382141
Student XS,S1,2f6bs75l,student_v2_kd_xxs_feature_lidar_cam,grad_norm,1810,6.552092599008623,0.8792590498737965,4.585640602111816,12.164602727890015,4.745145735740661
Student XS,S1,2f6bs75l,student_v2_kd_xxs_feature_lidar_cam,loss_heatmap,1848,0.7814790410571026,0.05156537415413141,0.6832280135154725,1.333654968738556,0.7180242800712585
Student XS,S1,2f6bs75l,student_v2_kd_xxs_feature_lidar_cam,layer_-1_loss_cls,1848,0.1233618267309485,0.008041454465634125,0.10884642943739892,0.19101745769381523,0.11409757927060127
Student XS,S1,2f6bs75l,student_v2_kd_xxs_feature_lidar_cam,layer_-1_loss_bbox,1848,1.1816654499881454,0.10427532738973755,0.9752491188049316,2.4920977973937988,1.0761243093013764
Student XS,S1,2f6bs75l,student_v2_kd_xxs_feature_lidar_cam,loss_kd_feature_camera,1848,0.46596692454666544,0.016598876484238533,0.4497609549760819,0.6758308982849122,0.4534315550327301
Student XS,S1,2f6bs75l,student_v2_kd_xxs_feature_lidar_cam,loss_kd_feature_lidar,1848,0.12626094047592962,0.0006872620288027187,0.12419265016913414,0.1284605722129345,0.12519898489117623
Student XS,S2,8utrbfn6,student_v2_kd_xxs_feature_lidar_cam_bev,loss,1848,2.8772873552769296,0.17322768904876334,2.6188591432571413,4.99084370136261,2.6562648725509646
Student XS,S2,8utrbfn6,student_v2_kd_xxs_feature_lidar_cam_bev,grad_norm,1812,6.433134865663436,0.8419856106848389,4.710265245437622,11.777394714355468,5.678402342796326
Student XS,S2,8utrbfn6,student_v2_kd_xxs_feature_lidar_cam_bev,loss_heatmap,1848,0.7823597863348789,0.05353765446806378,0.6909057962894439,1.3668441832065583,0.739700917005539
Student XS,S2,8utrbfn6,student_v2_kd_xxs_feature_lidar_cam_bev,layer_-1_loss_cls,1848,0.12341282317749512,0.00814830864597303,0.1086187069118023,0.19978014945983888,0.11672623038291931
Student XS,S2,8utrbfn6,student_v2_kd_xxs_feature_lidar_cam_bev,layer_-1_loss_bbox,1848,1.1812989321557474,0.10477901519842936,0.9878957486152649,2.480760498046875,1.022082530260086
Student XS,S2,8utrbfn6,student_v2_kd_xxs_feature_lidar_cam_bev,loss_kd_feature_camera,1848,0.5230056575085823,0.014066235470365007,0.5092508918046952,0.6748470032215118,0.511852040886879
Student XS,S2,8utrbfn6,student_v2_kd_xxs_feature_lidar_cam_bev,loss_kd_feature_lidar,1848,0.1359813709040999,0.0006796208713962976,0.13374735325574874,0.13821654230356217,0.1348962503671646
Student XS,S2,8utrbfn6,student_v2_kd_xxs_feature_lidar_cam_bev,loss_kd_feature_bev,1848,0.1312287852456753,0.00014228918432572206,0.1307414722442627,0.13246900856494903,0.13100692093372346
Student XS,S2,8utrbfn6,student_v2_kd_xxs_feature_lidar_cam_bev,loss_kd_feature_bev,1848,0.1312287852456753,0.00014228918432572206,0.1307414722442627,0.13246900856494903,0.13100692093372346
Student XS,S3,xprs9b5n,student_v2_kd_xxs_feature_lidar_cam_bev_head_rel,loss,1848,4.876048576078373,0.31770903346760654,4.473623251914978,8.898713483810425,4.604227561950683
Student XS,S3,xprs9b5n,student_v2_kd_xxs_feature_lidar_cam_bev_head_rel,grad_norm,1811,9.062362884129692,1.7173425051703695,5.860341291427613,15.91849181175232,10.584347639083862
Student XS,S3,xprs9b5n,student_v2_kd_xxs_feature_lidar_cam_bev_head_rel,loss_heatmap,1848,0.7935054264998153,0.06337652320354124,0.6953316307067872,1.3470988166332245,0.7451765781641007
Student XS,S3,xprs9b5n,student_v2_kd_xxs_feature_lidar_cam_bev_head_rel,layer_-1_loss_cls,1848,0.1366333134906181,0.00938699198443089,0.11836668372154235,0.1947576320171356,0.12715684175491332
Student XS,S3,xprs9b5n,student_v2_kd_xxs_feature_lidar_cam_bev_head_rel,layer_-1_loss_bbox,1848,1.187988541191726,0.1264853741966187,0.9837445914745331,2.4263664054870606,1.1048082327842712
Student XS,S3,xprs9b5n,student_v2_kd_xxs_feature_lidar_cam_bev_head_rel,loss_kd_feature_camera,1848,0.49501027230995814,0.023558072332899655,0.4734241372346878,0.6752623999118805,0.47612621426582336
Student XS,S3,xprs9b5n,student_v2_kd_xxs_feature_lidar_cam_bev_head_rel,loss_kd_feature_lidar,1848,0.1281816433309638,0.0006862658996968596,0.12610652625560761,0.13056613206863404,0.1276547135412693
Student XS,S3,xprs9b5n,student_v2_kd_xxs_feature_lidar_cam_bev_head_rel,loss_kd_feature_bev,1848,0.13223212150945549,0.00038759605249466035,0.13175458312034607,0.1340830636024475,0.1320181146264076
Student XS,S3,xprs9b5n,student_v2_kd_xxs_feature_lidar_cam_bev_head_rel,loss_kd_feature_bev,1848,0.13223212150945549,0.00038759605249466035,0.13175458312034607,0.1340830636024475,0.1320181146264076
Student XS,S3,xprs9b5n,student_v2_kd_xxs_feature_lidar_cam_bev_head_rel,loss_kd_rel,1848,1.4091094627589376,0.06327409992714979,1.3429879355430603,2.545900650024414,1.3596242094039916
Student XS,S3,xprs9b5n,student_v2_kd_xxs_feature_lidar_cam_bev_head_rel,loss_kd_logit,1848,0.5933877940827506,0.060117709570760444,0.49697359144687653,1.4470822978019715,0.5316626751422882
Student XS,S4,6u81evo4,student_v2_kd_xxs_feature_lidar_cam_bev_head_rel_dwa,loss,1848,4.8883575996227595,0.30255202331252856,4.470515933036804,8.853779993057252,4.807877125740052
Student XS,S4,6u81evo4,student_v2_kd_xxs_feature_lidar_cam_bev_head_rel_dwa,grad_norm,1810,9.018361573640814,1.664207200080562,5.4024101257324215,17.723324332237244,9.915071325302124
Student XS,S4,6u81evo4,student_v2_kd_xxs_feature_lidar_cam_bev_head_rel_dwa,loss_heatmap,1848,0.7936997340013197,0.06270236836121351,0.6810551238059998,1.3454742681980134,0.7720476967096329
Student XS,S4,6u81evo4,student_v2_kd_xxs_feature_lidar_cam_bev_head_rel_dwa,layer_-1_loss_cls,1848,0.13631215095016055,0.009331747354821654,0.1161570619046688,0.197324176132679,0.12678531423211098
Student XS,S4,6u81evo4,student_v2_kd_xxs_feature_lidar_cam_bev_head_rel_dwa,layer_-1_loss_bbox,1848,1.1875376601543004,0.12278008597270307,0.9999562054872513,2.3156249356269836,1.1433850359916686
Student XS,S4,6u81evo4,student_v2_kd_xxs_feature_lidar_cam_bev_head_rel_dwa,loss_kd_feature_camera,1848,0.49045495973198444,0.011569368568293803,0.4796115309000015,0.683345057964325,0.4874769735336304
Student XS,S4,6u81evo4,student_v2_kd_xxs_feature_lidar_cam_bev_head_rel_dwa,loss_kd_feature_lidar,1848,0.1203355319685105,0.0006849734631871059,0.11804269909858704,0.12300935178995133,0.1212012992799282
Student XS,S4,6u81evo4,student_v2_kd_xxs_feature_lidar_cam_bev_head_rel_dwa,loss_kd_feature_bev,1848,0.1336833464623594,0.00036912985374296076,0.13256263092160225,0.13570503503084183,0.1339652170240879
Student XS,S4,6u81evo4,student_v2_kd_xxs_feature_lidar_cam_bev_head_rel_dwa,loss_kd_feature_bev,1848,0.1336833464623594,0.00036912985374296076,0.13256263092160225,0.13570503503084183,0.1339652170240879
Student XS,S4,6u81evo4,student_v2_kd_xxs_feature_lidar_cam_bev_head_rel_dwa,loss_kd_rel,1848,1.4103489758125891,0.06364920772740963,1.3351045417785645,2.560490674972534,1.430239748954773
Student XS,S4,6u81evo4,student_v2_kd_xxs_feature_lidar_cam_bev_head_rel_dwa,loss_kd_logit,1848,0.6159852406835724,0.06124393725841042,0.5163332945108414,1.4958224940299987,0.5927758252620697
Student XS,S4,6u81evo4,student_v2_kd_xxs_feature_lidar_cam_bev_head_rel_dwa,weight_lidar,1848,0.9934018581331551,0.05163978268263534,0.7090663313865662,1.1202096939086914,1.0127257108688354
Student XS,S4,6u81evo4,student_v2_kd_xxs_feature_lidar_cam_bev_head_rel_dwa,weight_camera,1848,0.9923381375802027,0.03658454663049206,0.7896820306777954,1.0757969617843628,1.0181198120117188
Student XS,S4,6u81evo4,student_v2_kd_xxs_feature_lidar_cam_bev_head_rel_dwa,weight_bev,1848,0.9922541491848565,0.04315315438429138,0.7686245441436768,1.0917493104934692,0.9986943006515503
Student XS,S4,6u81evo4,student_v2_kd_xxs_feature_lidar_cam_bev_head_rel_dwa,weight_relation,1848,0.9968893408646315,0.05008886079078516,0.7863339781761169,1.2593739032745361,0.9423958659172058
Student XS,S4,6u81evo4,student_v2_kd_xxs_feature_lidar_cam_bev_head_rel_dwa,weight_logit,1848,1.025116504270793,0.1331693820010808,0.7820847630500793,1.940469741821289,1.028064250946045
